<?xml version="1.0" encoding="UTF-8"?>
<project-private xmlns="http://www.netbeans.org/ns/project-private/1">
    <editor-bookmarks xmlns="http://www.netbeans.org/ns/editor-bookmarks/2" lastBookmarkId="0"/>
    <open-files xmlns="http://www.netbeans.org/ns/projectui-open-files/2">
        <group>
            <file>file:/C:/OSAMA/JFrame%20videos/Pharmacy-Management-System-master/src/main/Login_Details.java</file>
            <file>file:/C:/OSAMA/JFrame%20videos/Pharmacy-Management-System-master/src/main/Drug.java</file>
            <file>file:/C:/OSAMA/JFrame%20videos/Pharmacy-Management-System-master/src/main/Buy_Drug.java</file>
            <file>file:/C:/OSAMA/JFrame%20videos/Pharmacy-Management-System-master/src/main/Drug_List.java</file>
            <file>file:/C:/OSAMA/JFrame%20videos/Pharmacy-Management-System-master/src/main/Almost_Finish.java</file>
            <file>file:/C:/OSAMA/JFrame%20videos/Pharmacy-Management-System-master/src/main/User.java</file>
            <file>file:/C:/OSAMA/JFrame%20videos/Pharmacy-Management-System-master/src/main/Login.java</file>
            <file>file:/C:/OSAMA/JFrame%20videos/Pharmacy-Management-System-master/src/main/Shift_Sales.java</file>
            <file>file:/C:/OSAMA/JFrame%20videos/Pharmacy-Management-System-master/src/main/Sales_Bill.java</file>
            <file>file:/C:/OSAMA/JFrame%20videos/Pharmacy-Management-System-master/src/main/Connect.java</file>
            <file>file:/C:/OSAMA/JFrame%20videos/Pharmacy-Management-System-master/src/main/changestyle.java</file>
            <file>file:/C:/OSAMA/JFrame%20videos/Pharmacy-Management-System-master/src/main/Change_Password.java</file>
            <file>file:/C:/OSAMA/JFrame%20videos/Pharmacy-Management-System-master/src/main/Apps-session-logout-icon.png</file>
            <file>file:/C:/OSAMA/JFrame%20videos/Pharmacy-Management-System-master/src/main/Send.java</file>
            <file>file:/C:/OSAMA/JFrame%20videos/Pharmacy-Management-System-master/src/main/All_Deal.java</file>
            <file>file:/C:/OSAMA/JFrame%20videos/Pharmacy-Management-System-master/src/org/eclipse/wb/swing/FocusTraversalOnArray.java</file>
            <file>file:/C:/OSAMA/JFrame%20videos/Pharmacy-Management-System-master/src/main/Search_Drug.java</file>
            <file>file:/C:/OSAMA/JFrame%20videos/Pharmacy-Management-System-master/src/main/Show_Message.java</file>
            <file>file:/C:/OSAMA/JFrame%20videos/Pharmacy-Management-System-master/src/main/Main.java</file>
            <file>file:/C:/OSAMA/JFrame%20videos/Pharmacy-Management-System-master/src/main/Inbox.java</file>
            <file>file:/C:/OSAMA/JFrame%20videos/Pharmacy-Management-System-master/src/main/Pharmacy.java</file>
            <file>file:/C:/OSAMA/JFrame%20videos/Pharmacy-Management-System-master/src/main/Move_Drug.java</file>
            <file>file:/C:/OSAMA/JFrame%20videos/Pharmacy-Management-System-master/src/main/Warning.java</file>
            <file>file:/C:/OSAMA/JFrame%20videos/Pharmacy-Management-System-master/src/main/Renew_Validity.java</file>
        </group>
    </open-files>
</project-private>
